{
  "T_ee_cam": {
    "description": "从相机坐标系到末端执行器坐标系的变换矩阵",
    "rotation_matrix": [
      [0.99994846, -0.00489269, -0.00889571],
      [0.00641473,  0.98363436,  0.18006193],
      [0.00786914, -0.18010971,  0.98361505]
    ],
    "translation_vector": [-0.03275156, -0.06321087, 0.07478308]
  }
}

